--
-- PostgreSQL database dump
--

\restrict fculEv6Dn47GcbumSASyuMlP4DMnpcVFkMosyAzFMhWmHnpGtLTV2ilCCFwyzH6

-- Dumped from database version 18.4 (Ubuntu 18.4-1.pgdg24.04+1)
-- Dumped by pg_dump version 18.4 (Ubuntu 18.4-1.pgdg24.04+1)

SET statement_timeout = 0;
SET lock_timeout = 0;
SET idle_in_transaction_session_timeout = 0;
-- SET transaction_timeout = 0;
SET client_encoding = 'UTF8';
SET standard_conforming_strings = on;
SELECT pg_catalog.set_config('search_path', '', false);
SET check_function_bodies = false;
SET xmloption = content;
SET client_min_messages = warning;
SET row_security = off;

SET default_tablespace = '';

SET default_table_access_method = heap;

--
-- Name: accounts_user; Type: TABLE; Schema: public; Owner: postgres
--

CREATE TABLE public.accounts_user (
    id bigint NOT NULL,
    password character varying(128) NOT NULL,
    last_login timestamp with time zone,
    is_superuser boolean NOT NULL,
    username character varying(150) NOT NULL,
    first_name character varying(150) NOT NULL,
    last_name character varying(150) NOT NULL,
    email character varying(254) NOT NULL,
    is_staff boolean NOT NULL,
    is_active boolean NOT NULL,
    date_joined timestamp with time zone NOT NULL,
    role character varying(20) NOT NULL,
    bio text NOT NULL,
    avatar_url character varying(500) NOT NULL,
    company_name character varying(200) NOT NULL,
    company_website character varying(500) NOT NULL,
    company_size character varying(50) NOT NULL,
    resume_url character varying(500) NOT NULL,
    skills jsonb NOT NULL,
    github_url character varying(500) NOT NULL,
    portfolio_url character varying(500) NOT NULL
);


ALTER TABLE public.accounts_user OWNER TO postgres;

--
-- Name: accounts_user_groups; Type: TABLE; Schema: public; Owner: postgres
--

CREATE TABLE public.accounts_user_groups (
    id bigint NOT NULL,
    user_id bigint NOT NULL,
    group_id integer NOT NULL
);


ALTER TABLE public.accounts_user_groups OWNER TO postgres;

--
-- Name: accounts_user_groups_id_seq; Type: SEQUENCE; Schema: public; Owner: postgres
--

ALTER TABLE public.accounts_user_groups ALTER COLUMN id ADD GENERATED BY DEFAULT AS IDENTITY (
    SEQUENCE NAME public.accounts_user_groups_id_seq
    START WITH 1
    INCREMENT BY 1
    NO MINVALUE
    NO MAXVALUE
    CACHE 1
);


--
-- Name: accounts_user_id_seq; Type: SEQUENCE; Schema: public; Owner: postgres
--

ALTER TABLE public.accounts_user ALTER COLUMN id ADD GENERATED BY DEFAULT AS IDENTITY (
    SEQUENCE NAME public.accounts_user_id_seq
    START WITH 1
    INCREMENT BY 1
    NO MINVALUE
    NO MAXVALUE
    CACHE 1
);


--
-- Name: accounts_user_user_permissions; Type: TABLE; Schema: public; Owner: postgres
--

CREATE TABLE public.accounts_user_user_permissions (
    id bigint NOT NULL,
    user_id bigint NOT NULL,
    permission_id integer NOT NULL
);


ALTER TABLE public.accounts_user_user_permissions OWNER TO postgres;

--
-- Name: accounts_user_user_permissions_id_seq; Type: SEQUENCE; Schema: public; Owner: postgres
--

ALTER TABLE public.accounts_user_user_permissions ALTER COLUMN id ADD GENERATED BY DEFAULT AS IDENTITY (
    SEQUENCE NAME public.accounts_user_user_permissions_id_seq
    START WITH 1
    INCREMENT BY 1
    NO MINVALUE
    NO MAXVALUE
    CACHE 1
);


--
-- Name: applications_application; Type: TABLE; Schema: public; Owner: postgres
--

CREATE TABLE public.applications_application (
    id bigint NOT NULL,
    cover_letter text NOT NULL,
    resume_url character varying(500) NOT NULL,
    status character varying(20) NOT NULL,
    applied_at timestamp with time zone NOT NULL,
    updated_at timestamp with time zone NOT NULL,
    notes text NOT NULL,
    developer_id bigint NOT NULL,
    job_id bigint NOT NULL
);


ALTER TABLE public.applications_application OWNER TO postgres;

--
-- Name: applications_application_id_seq; Type: SEQUENCE; Schema: public; Owner: postgres
--

ALTER TABLE public.applications_application ALTER COLUMN id ADD GENERATED BY DEFAULT AS IDENTITY (
    SEQUENCE NAME public.applications_application_id_seq
    START WITH 1
    INCREMENT BY 1
    NO MINVALUE
    NO MAXVALUE
    CACHE 1
);


--
-- Name: auth_group; Type: TABLE; Schema: public; Owner: postgres
--

CREATE TABLE public.auth_group (
    id integer NOT NULL,
    name character varying(150) NOT NULL
);


ALTER TABLE public.auth_group OWNER TO postgres;

--
-- Name: auth_group_id_seq; Type: SEQUENCE; Schema: public; Owner: postgres
--

ALTER TABLE public.auth_group ALTER COLUMN id ADD GENERATED BY DEFAULT AS IDENTITY (
    SEQUENCE NAME public.auth_group_id_seq
    START WITH 1
    INCREMENT BY 1
    NO MINVALUE
    NO MAXVALUE
    CACHE 1
);


--
-- Name: auth_group_permissions; Type: TABLE; Schema: public; Owner: postgres
--

CREATE TABLE public.auth_group_permissions (
    id bigint NOT NULL,
    group_id integer NOT NULL,
    permission_id integer NOT NULL
);


ALTER TABLE public.auth_group_permissions OWNER TO postgres;

--
-- Name: auth_group_permissions_id_seq; Type: SEQUENCE; Schema: public; Owner: postgres
--

ALTER TABLE public.auth_group_permissions ALTER COLUMN id ADD GENERATED BY DEFAULT AS IDENTITY (
    SEQUENCE NAME public.auth_group_permissions_id_seq
    START WITH 1
    INCREMENT BY 1
    NO MINVALUE
    NO MAXVALUE
    CACHE 1
);


--
-- Name: auth_permission; Type: TABLE; Schema: public; Owner: postgres
--

CREATE TABLE public.auth_permission (
    id integer NOT NULL,
    name character varying(255) NOT NULL,
    content_type_id integer NOT NULL,
    codename character varying(100) NOT NULL
);


ALTER TABLE public.auth_permission OWNER TO postgres;

--
-- Name: auth_permission_id_seq; Type: SEQUENCE; Schema: public; Owner: postgres
--

ALTER TABLE public.auth_permission ALTER COLUMN id ADD GENERATED BY DEFAULT AS IDENTITY (
    SEQUENCE NAME public.auth_permission_id_seq
    START WITH 1
    INCREMENT BY 1
    NO MINVALUE
    NO MAXVALUE
    CACHE 1
);


--
-- Name: django_admin_log; Type: TABLE; Schema: public; Owner: postgres
--

CREATE TABLE public.django_admin_log (
    id integer NOT NULL,
    action_time timestamp with time zone NOT NULL,
    object_id text,
    object_repr character varying(200) NOT NULL,
    action_flag smallint NOT NULL,
    change_message text NOT NULL,
    content_type_id integer,
    user_id bigint NOT NULL,
    CONSTRAINT django_admin_log_action_flag_check CHECK ((action_flag >= 0))
);


ALTER TABLE public.django_admin_log OWNER TO postgres;

--
-- Name: django_admin_log_id_seq; Type: SEQUENCE; Schema: public; Owner: postgres
--

ALTER TABLE public.django_admin_log ALTER COLUMN id ADD GENERATED BY DEFAULT AS IDENTITY (
    SEQUENCE NAME public.django_admin_log_id_seq
    START WITH 1
    INCREMENT BY 1
    NO MINVALUE
    NO MAXVALUE
    CACHE 1
);


--
-- Name: django_content_type; Type: TABLE; Schema: public; Owner: postgres
--

CREATE TABLE public.django_content_type (
    id integer NOT NULL,
    app_label character varying(100) NOT NULL,
    model character varying(100) NOT NULL
);


ALTER TABLE public.django_content_type OWNER TO postgres;

--
-- Name: django_content_type_id_seq; Type: SEQUENCE; Schema: public; Owner: postgres
--

ALTER TABLE public.django_content_type ALTER COLUMN id ADD GENERATED BY DEFAULT AS IDENTITY (
    SEQUENCE NAME public.django_content_type_id_seq
    START WITH 1
    INCREMENT BY 1
    NO MINVALUE
    NO MAXVALUE
    CACHE 1
);


--
-- Name: django_migrations; Type: TABLE; Schema: public; Owner: postgres
--

CREATE TABLE public.django_migrations (
    id bigint NOT NULL,
    app character varying(255) NOT NULL,
    name character varying(255) NOT NULL,
    applied timestamp with time zone NOT NULL
);


ALTER TABLE public.django_migrations OWNER TO postgres;

--
-- Name: django_migrations_id_seq; Type: SEQUENCE; Schema: public; Owner: postgres
--

ALTER TABLE public.django_migrations ALTER COLUMN id ADD GENERATED BY DEFAULT AS IDENTITY (
    SEQUENCE NAME public.django_migrations_id_seq
    START WITH 1
    INCREMENT BY 1
    NO MINVALUE
    NO MAXVALUE
    CACHE 1
);


--
-- Name: django_session; Type: TABLE; Schema: public; Owner: postgres
--

CREATE TABLE public.django_session (
    session_key character varying(40) NOT NULL,
    session_data text NOT NULL,
    expire_date timestamp with time zone NOT NULL
);


ALTER TABLE public.django_session OWNER TO postgres;

--
-- Name: jobs_job; Type: TABLE; Schema: public; Owner: postgres
--

CREATE TABLE public.jobs_job (
    id bigint NOT NULL,
    title character varying(200) NOT NULL,
    description text NOT NULL,
    requirements text NOT NULL,
    location character varying(200) NOT NULL,
    is_remote boolean NOT NULL,
    job_type character varying(20) NOT NULL,
    experience_level character varying(20) NOT NULL,
    tech_stack jsonb NOT NULL,
    salary_min integer,
    salary_max integer,
    is_active boolean NOT NULL,
    created_at timestamp with time zone NOT NULL,
    updated_at timestamp with time zone NOT NULL,
    deadline date,
    company_id bigint NOT NULL,
    CONSTRAINT jobs_job_salary_max_check CHECK ((salary_max >= 0)),
    CONSTRAINT jobs_job_salary_min_check CHECK ((salary_min >= 0))
);


ALTER TABLE public.jobs_job OWNER TO postgres;

--
-- Name: jobs_job_id_seq; Type: SEQUENCE; Schema: public; Owner: postgres
--

ALTER TABLE public.jobs_job ALTER COLUMN id ADD GENERATED BY DEFAULT AS IDENTITY (
    SEQUENCE NAME public.jobs_job_id_seq
    START WITH 1
    INCREMENT BY 1
    NO MINVALUE
    NO MAXVALUE
    CACHE 1
);


--
-- Data for Name: accounts_user; Type: TABLE DATA; Schema: public; Owner: postgres
--

COPY public.accounts_user (id, password, last_login, is_superuser, username, first_name, last_name, email, is_staff, is_active, date_joined, role, bio, avatar_url, company_name, company_website, company_size, resume_url, skills, github_url, portfolio_url) FROM stdin;
5	pbkdf2_sha256$1200000$w8XhbIu5ljHU0JBtIDLM4s$BOfdNErEeb19TdIrvY455S6x6fnhv453fJrlXs2cshE=	\N	f	Codynn			codynn@gmail.com	f	t	2026-05-25 19:32:53.86628+05:45	company			Codynn				[]		
2	pbkdf2_sha256$1200000$OrijpY4yPbfqUZFruaWLS2$xcOWHBVKKr9hWwlCRMb7MQTw2ttWuJySaEkGz94FxcE=	2026-05-29 14:45:36.342898+05:45	t	samir			samir@gmail.com	t	t	2026-05-20 17:27:40.266107+05:45	developer							[]		
6	pbkdf2_sha256$1200000$HjCsjCIxLoEJyULQ3sbWr5$vEEcn5YNxNuULdF1bHP109t4Emmqrt7kGi+NI071avM=	\N	f	devguy			devguy@example.com	f	t	2026-06-02 14:15:28.558276+05:45	developer							[]		
7	pbkdf2_sha256$1200000$YRCGyKIaXFrJhb3ju9VH2B$DVC3L9k6cOOKSnVP2/V/WyTsSrXPwZi/4cJIOcEVdtk=	\N	f	devguy2			devguy2@example.com	f	t	2026-06-02 14:22:40.221101+05:45	developer							[]		
3	pbkdf2_sha256$1200000$5WqUJuvD5vvnT7qtfEfhfZ$+ii5aserKYRLPFRu/C272lIv6y989POmaWH/ztK17W4=	\N	f	company			company@gmail.com	f	t	2026-05-20 17:42:03.251732+05:45	company	This is a demo company	https://external-content.duckduckgo.com/iu/?u=https%3A%2F%2Fstatic.vecteezy.com%2Fsystem%2Fresources%2Fpreviews%2F015%2F259%2F493%2Foriginal%2Fbusiness-consulting-services-logo-design-vector.jpg&f=1&nofb=1&ipt=07d54f10711e9cbc952f87e7cafbefbecbe3a2fedfcc58edcd25749199155f5d	Demo Company	https://company.com	1-10		[]		
4	pbkdf2_sha256$1200000$iweWkWuM9fQNg4oWYI0qDc$rwoPW5eD9/ENfHP4rNKGiPRkJhBlpjBQm1vL+nZVZ5Q=	\N	f	dev			developer@gmail.com	f	t	2026-05-25 19:04:42.506974+05:45	developer	This is a demo developer bio.	https://external-content.duckduckgo.com/iu/?u=https%3A%2F%2Fthfvnext.bing.com%2Fth%2Fid%2FOIP.zSjnJGFe_TxQyoSX48_Z6wHaHa%3Fcb%3Dthfvnextfalcon%26pid%3DApi&f=1&ipt=3392cec155cde84302081c72852a666e8d06c86564457b16fbd1b0f8cebcfc4e&ipo=images				https://example.com/resume.pdf	["python", "django", "git", "docker", "aws"]	https://github.com/sameer9860	https://samirkhatiwada.com.np
\.


--
-- Data for Name: accounts_user_groups; Type: TABLE DATA; Schema: public; Owner: postgres
--

COPY public.accounts_user_groups (id, user_id, group_id) FROM stdin;
\.


--
-- Data for Name: accounts_user_user_permissions; Type: TABLE DATA; Schema: public; Owner: postgres
--

COPY public.accounts_user_user_permissions (id, user_id, permission_id) FROM stdin;
\.


--
-- Data for Name: applications_application; Type: TABLE DATA; Schema: public; Owner: postgres
--

COPY public.applications_application (id, cover_letter, resume_url, status, applied_at, updated_at, notes, developer_id, job_id) FROM stdin;
1	I'm highly interested in this Django backend position. I have built several projects using Django REST Framework	https://example.com/resume.pdf	shortlisted	2026-05-22 08:24:10.219803+05:45	2026-05-22 08:51:25.311516+05:45	Excellent cover letter, schedule technical interview.	2	2
13	I am excited to apply for the Java Spring Boot Developer position. I have experience building backend applications using Java, Spring Boot, REST APIs, and SQL databases. I have worked on developing scalable web applications, integrating APIs, and improving application performance.\r\n\r\nIn my previous projects, I developed microservices-based applications, implemented authentication systems, and worked with tools such as Git, Docker, and MySQL. I enjoy solving backend challenges and writing clean, maintainable code.\r\n\r\nWhat excites me most about this role is the opportunity to work on modern backend systems and collaborate with a talented development team. I am eager to contribute my technical skills and continue learning new technologies.	https://www.devportfolio.com	accepted	2026-05-28 16:23:22.143688+05:45	2026-05-29 15:12:01.02889+05:45	We are excited to you join the team	4	9
11	Lorem ipsum dolor sit amet consectetur adipiscing elit sed do eiusmod tempor incididunt ut labore et dolore magna aliqua ut enim ad minim veniam quis nostrud exercitation ullamco laboris nisi ut aliquip ex ea commodo consequat duis aute irure dolor in reprehenderit in voluptate velit esse cillum dolore eu fugiat	https://example.com/resume.pdf	rejected	2026-05-27 18:15:34.98613+05:45	2026-05-29 15:13:39.071451+05:45	we decided to go with another candidates	4	4
10	asdfasdfsdfsadfadffffffffffffffffffffffffffffffffffffffffffffffff	https://example.com/resume.pdf	shortlisted	2026-05-27 10:51:09.094185+05:45	2026-05-30 07:26:01.969682+05:45		4	2
9	adfadfadsfasdfafdfadsfdsafasdfasdfasdfsdfsdfasdfsdfsdfasddfasdfsdf	https://example.com/resume.pdf	shortlisted	2026-05-27 10:47:47.308141+05:45	2026-05-30 07:27:14.669292+05:45		4	3
3			shortlisted	2026-05-22 08:47:57.804303+05:45	2026-05-30 17:24:02.316149+05:45		3	2
\.


--
-- Data for Name: auth_group; Type: TABLE DATA; Schema: public; Owner: postgres
--

COPY public.auth_group (id, name) FROM stdin;
\.


--
-- Data for Name: auth_group_permissions; Type: TABLE DATA; Schema: public; Owner: postgres
--

COPY public.auth_group_permissions (id, group_id, permission_id) FROM stdin;
\.


--
-- Data for Name: auth_permission; Type: TABLE DATA; Schema: public; Owner: postgres
--

COPY public.auth_permission (id, name, content_type_id, codename) FROM stdin;
1	Can add log entry	1	add_logentry
2	Can change log entry	1	change_logentry
3	Can delete log entry	1	delete_logentry
4	Can view log entry	1	view_logentry
5	Can add permission	3	add_permission
6	Can change permission	3	change_permission
7	Can delete permission	3	delete_permission
8	Can view permission	3	view_permission
9	Can add group	2	add_group
10	Can change group	2	change_group
11	Can delete group	2	delete_group
12	Can view group	2	view_group
13	Can add content type	4	add_contenttype
14	Can change content type	4	change_contenttype
15	Can delete content type	4	delete_contenttype
16	Can view content type	4	view_contenttype
17	Can add session	5	add_session
18	Can change session	5	change_session
19	Can delete session	5	delete_session
20	Can view session	5	view_session
21	Can add user	6	add_user
22	Can change user	6	change_user
23	Can delete user	6	delete_user
24	Can view user	6	view_user
25	Can add job	7	add_job
26	Can change job	7	change_job
27	Can delete job	7	delete_job
28	Can view job	7	view_job
29	Can add application	8	add_application
30	Can change application	8	change_application
31	Can delete application	8	delete_application
32	Can view application	8	view_application
\.


--
-- Data for Name: django_admin_log; Type: TABLE DATA; Schema: public; Owner: postgres
--

COPY public.django_admin_log (id, action_time, object_id, object_repr, action_flag, change_message, content_type_id, user_id) FROM stdin;
1	2026-05-21 10:48:21.353399+05:45	1	Django at 	1	[{"added": {}}]	7	2
2	2026-05-21 19:01:38.217263+05:45	1	Django at 	2	[]	7	2
3	2026-05-22 08:24:10.221293+05:45	1	samir → Senior Python Developer	1	[{"added": {}}]	8	2
4	2026-05-26 17:46:36.21093+05:45	3	MERN at Codynn	1	[{"added": {}}]	7	2
5	2026-05-27 18:11:33.109171+05:45	4	UI & UX at 	1	[{"added": {}}]	7	2
6	2026-05-28 15:39:55.743886+05:45	5	adfds at Codynn	3		7	2
7	2026-05-28 16:02:03.174323+05:45	8	asdfadsfa at 	3		7	2
8	2026-05-28 16:02:03.174363+05:45	7	adfadd at Codynn	3		7	2
9	2026-05-28 16:02:03.174376+05:45	6	Facere et quae dolor at Codynn	3		7	2
10	2026-05-29 15:12:01.033147+05:45	13	dev → Java Spring Boot Developer	2	[{"changed": {"fields": ["Status", "Cover letter", "Notes"]}}]	8	2
11	2026-05-29 15:13:39.074792+05:45	11	dev → UI & UX	2	[{"changed": {"fields": ["Status", "Notes"]}}]	8	2
\.


--
-- Data for Name: django_content_type; Type: TABLE DATA; Schema: public; Owner: postgres
--

COPY public.django_content_type (id, app_label, model) FROM stdin;
1	admin	logentry
2	auth	group
3	auth	permission
4	contenttypes	contenttype
5	sessions	session
6	accounts	user
7	jobs	job
8	applications	application
\.


--
-- Data for Name: django_migrations; Type: TABLE DATA; Schema: public; Owner: postgres
--

COPY public.django_migrations (id, app, name, applied) FROM stdin;
1	contenttypes	0001_initial	2026-05-20 17:14:52.347781+05:45
2	contenttypes	0002_remove_content_type_name	2026-05-20 17:14:52.36123+05:45
3	auth	0001_initial	2026-05-20 17:14:52.410086+05:45
4	auth	0002_alter_permission_name_max_length	2026-05-20 17:14:52.422873+05:45
5	auth	0003_alter_user_email_max_length	2026-05-20 17:14:52.433509+05:45
6	auth	0004_alter_user_username_opts	2026-05-20 17:14:52.443272+05:45
7	auth	0005_alter_user_last_login_null	2026-05-20 17:14:52.454133+05:45
8	auth	0006_require_contenttypes_0002	2026-05-20 17:14:52.457662+05:45
9	auth	0007_alter_validators_add_error_messages	2026-05-20 17:14:52.46846+05:45
10	auth	0008_alter_user_username_max_length	2026-05-20 17:14:52.478856+05:45
11	auth	0009_alter_user_last_name_max_length	2026-05-20 17:14:52.489768+05:45
12	auth	0010_alter_group_name_max_length	2026-05-20 17:14:52.501181+05:45
13	auth	0011_update_proxy_permissions	2026-05-20 17:14:52.510539+05:45
14	auth	0012_alter_user_first_name_max_length	2026-05-20 17:14:52.523793+05:45
15	accounts	0001_initial	2026-05-20 17:14:52.576123+05:45
16	admin	0001_initial	2026-05-20 17:14:52.606593+05:45
17	admin	0002_logentry_remove_auto_add	2026-05-20 17:14:52.621711+05:45
18	admin	0003_logentry_add_action_flag_choices	2026-05-20 17:14:52.63676+05:45
19	sessions	0001_initial	2026-05-20 17:14:52.65221+05:45
20	jobs	0001_initial	2026-05-21 10:43:31.503421+05:45
21	applications	0001_initial	2026-05-22 08:02:41.205368+05:45
22	accounts	0002_alter_user_avatar_url_alter_user_company_website_and_more	2026-06-02 14:41:24.390978+05:45
23	applications	0002_alter_application_resume_url	2026-06-02 14:41:24.403125+05:45
\.


--
-- Data for Name: django_session; Type: TABLE DATA; Schema: public; Owner: postgres
--

COPY public.django_session (session_key, session_data, expire_date) FROM stdin;
7h17uoad4sum6smcydln1isrqwazqye2	.eJxVjM0OwiAQhN-FsyH8LIV69O4zEHYXpWogKe3J-O62SQ96nPm-mbeIaV1KXHue48TiLIw4_XaY6JnrDviR6r1JanWZJ5S7Ig_a5bVxfl0O9--gpF62NSKx1uh5YG3RkVd4yxgMZNQ-DczgslIQDAFs0Y6jB2uJDTjjMHjx-QIEhTf0:1wPfKJ:AStw24GYWB6jVKc6yDhj0EtaYHr_rKyg_vp-Qkue1Vc	2026-06-03 17:28:03.517851+05:45
k5a7fxnq1s9w3cqoi4dczuvi6vox4x6g	.eJxVjM0OwiAQhN-FsyH8LIV69O4zEHYXpWogKe3J-O62SQ96nPm-mbeIaV1KXHue48TiLIw4_XaY6JnrDviR6r1JanWZJ5S7Ig_a5bVxfl0O9--gpF62NSKx1uh5YG3RkVd4yxgMZNQ-DczgslIQDAFs0Y6jB2uJDTjjMHjx-QIEhTf0:1wSDJ3:dpqZ41y1LwSkmwsUtU92iHCjPMYvN3xuGwB9oOduhWk	2026-06-10 18:09:17.504295+05:45
7smqrvo667hkyznly7bakq3hyunqe97u	.eJxVjM0OwiAQhN-FsyH8LIV69O4zEHYXpWogKe3J-O62SQ96nPm-mbeIaV1KXHue48TiLIw4_XaY6JnrDviR6r1JanWZJ5S7Ig_a5bVxfl0O9--gpF62NSKx1uh5YG3RkVd4yxgMZNQ-DczgslIQDAFs0Y6jB2uJDTjjMHjx-QIEhTf0:1wSt52:3-cSuuuiO6qzs_KlSp5H1jJq_nApoN7RKKxhPElVCNU	2026-06-12 14:45:36.349482+05:45
\.


--
-- Data for Name: jobs_job; Type: TABLE DATA; Schema: public; Owner: postgres
--

COPY public.jobs_job (id, title, description, requirements, location, is_remote, job_type, experience_level, tech_stack, salary_min, salary_max, is_active, created_at, updated_at, deadline, company_id) FROM stdin;
2	Senior Python Developer	Looking for a seasoned Django backend developer...	5+ years Python/Django experience, REST API design...	Remote	t	full-time	senior	["Python", "Django", "PostgreSQL"]	120000	150000	t	2026-05-21 19:12:03.051947+05:45	2026-05-21 19:12:03.051955+05:45	2026-12-31	3
3	MERN	We want a MERN Stack developer	Node js , React , Express js and mongo db	Nepal	f	full-time	senior	["Node", "React", "Express", "Mongo"]	50000	75000	t	2026-05-26 17:46:36.196198+05:45	2026-05-26 17:46:36.196218+05:45	2026-05-30	5
4	UI & UX	We want mid ui and ux designer.	html , css ,js and figma wireframe	Nepal	t	full-time	junior	["HTML", "CSS", "JS", "FIGMA"]	30000	60000	t	2026-05-27 18:11:33.104724+05:45	2026-05-27 18:11:33.104732+05:45	2026-06-26	3
9	Java Spring Boot Developer	Job Description\nWe are looking for a skilled Java Spring Boot Developer to join our growing engineering team. In this role, you will design, develop, and maintain scalable backend applications and RESTful APIs using Java and Spring Boot. You will collaborate with frontend developers, QA engineers, and product managers to build high-performance enterprise applications.\n\nKey Responsibilities:\n\nDevelop and maintain backend services using Java and Spring Boot\nBuild secure and scalable REST APIs and microservices\nIntegrate databases, third-party APIs, and cloud services\nWrite clean, efficient, and well-documented code\nTroubleshoot, debug, and optimize application performance\nParticipate in code reviews and agile development processes\nCollaborate with cross-functional teams to deliver new features\n\nWhat makes this position unique:\n\nOpportunity to work on scalable cloud-based applications\nFlexible remote work environment\nExposure to modern microservices architecture and DevOps practices\nCareer growth and learning opportunities with the latest technologies	3+ years of experience in Java development\nStrong experience with Spring Boot and Spring Framework\nGood understanding of RESTful API development\nExperience with SQL databases such as MySQL or PostgreSQL\nFamiliarity with Hibernate/JPA\nKnowledge of microservices architecture\nExperience with Git and version control systems\nUnderstanding of Docker and CI/CD pipelines is a plus\nStrong problem-solving and communication skills\nBachelor’s degree in Computer Science or related field preferred	Kathmandu, Nepal	f	full-time	mid	["Java", "Spring Boot", "REST API", "MySQL", "Git", "Docker"]	15000	30000	t	2026-05-28 16:19:08.368103+05:45	2026-05-28 16:19:08.368112+05:45	2026-06-30	3
10	Id earum sunt molli	Nam ipsa aut sunt vasdfasdfasdf asdfasdfasdf asdfasdf asdfasdfsad	Adipisci enim et des adfasdfasdfasdfa dfasdfasdsfa a	Impedit officiis ni	t	internship	mid	["Nisi sed quaerat qua"]	40	57	t	2026-06-01 18:00:46.148027+05:45	2026-06-01 18:00:46.148046+05:45	2026-06-30	3
11	Doloribus et consect	Voluptatem blanditiiadsfasdfa sdfasdfa sdfasdf asdfsadf asdf	Velit est aliqua Radfasdfasdf dfasdfdsfadsfadsfadf	Autem at laudantium	f	internship	mid	["Ut lorem ratione rep"]	49	90	t	2026-06-01 18:02:11.218426+05:45	2026-06-01 18:02:11.218447+05:45	2026-06-30	3
12	Accusamus quod ex ab	Praesentium et quis adfdsfasdfasdfasdfafasdf adsfasdfsadf	Dolore in temporibus asdfasdfa dsfasdf asdfasd fadsfas dfasdf asdfasdf	Et tenetur at quis c	f	contract	senior	["Sed rerum aliquid ip"]	5	13	t	2026-06-01 18:02:49.968788+05:45	2026-06-01 18:02:49.968807+05:45	2026-06-30	3
13	Vero rem placeat qu	Quae reiciendis qui  dsfasdfasdfk dsfkasdbfa;sdkfjasf	Sit aut proident vdsfasdfa fasdfasdfsa dfsadfadsf sdfasdfasdf	Laboriosam id sed	t	full-time	mid	["Sit veniam accusamu"]	77	777	t	2026-06-01 18:03:34.083501+05:45	2026-06-01 18:03:34.083521+05:45	2026-06-30	3
14	Quis et voluptatem	Qui ut fugit veniamasdfasdfsafafsadfasdfaddfasdf dsfs	Hic voluptatem omniasdfasdfasdfdasf adsfadfasdfsafa	Vel magni tempora di	t	part-time	senior	["Aut alias nobis ut d"]	31	777	t	2026-06-01 18:04:15.352799+05:45	2026-06-01 18:04:15.352819+05:45	2026-07-01	3
15	Deleniti temporibus	Et aperiam et distinadsfasdfsd adsfasdfsadf asdfsadf	Qui dolore esse quiasdfasdfas aasdfadsfasdfasf sdfas	Culpa id eos fugiat	f	contract	mid	["Odit dolore nulla ir"]	1	41	t	2026-06-01 18:04:47.143148+05:45	2026-06-01 18:04:47.143166+05:45	2026-06-30	3
16	Impedit qui consequ	Explicabo Harum reradfasd adsfasdf asdfasdf asdfasdf	Voluptas nulla fugiaasdf asdfa asdfasd asdf asdfasdf af	Autem sed magna volu	f	part-time	junior	["Unde voluptate proid"]	97	321	t	2026-06-01 18:28:23.798801+05:45	2026-06-01 18:28:23.798819+05:45	2026-06-30	3
\.


--
-- Name: accounts_user_groups_id_seq; Type: SEQUENCE SET; Schema: public; Owner: postgres
--

SELECT pg_catalog.setval('public.accounts_user_groups_id_seq', 1, false);


--
-- Name: accounts_user_id_seq; Type: SEQUENCE SET; Schema: public; Owner: postgres
--

SELECT pg_catalog.setval('public.accounts_user_id_seq', 7, true);


--
-- Name: accounts_user_user_permissions_id_seq; Type: SEQUENCE SET; Schema: public; Owner: postgres
--

SELECT pg_catalog.setval('public.accounts_user_user_permissions_id_seq', 1, false);


--
-- Name: applications_application_id_seq; Type: SEQUENCE SET; Schema: public; Owner: postgres
--

SELECT pg_catalog.setval('public.applications_application_id_seq', 13, true);


--
-- Name: auth_group_id_seq; Type: SEQUENCE SET; Schema: public; Owner: postgres
--

SELECT pg_catalog.setval('public.auth_group_id_seq', 1, false);


--
-- Name: auth_group_permissions_id_seq; Type: SEQUENCE SET; Schema: public; Owner: postgres
--

SELECT pg_catalog.setval('public.auth_group_permissions_id_seq', 1, false);


--
-- Name: auth_permission_id_seq; Type: SEQUENCE SET; Schema: public; Owner: postgres
--

SELECT pg_catalog.setval('public.auth_permission_id_seq', 32, true);


--
-- Name: django_admin_log_id_seq; Type: SEQUENCE SET; Schema: public; Owner: postgres
--

SELECT pg_catalog.setval('public.django_admin_log_id_seq', 11, true);


--
-- Name: django_content_type_id_seq; Type: SEQUENCE SET; Schema: public; Owner: postgres
--

SELECT pg_catalog.setval('public.django_content_type_id_seq', 8, true);


--
-- Name: django_migrations_id_seq; Type: SEQUENCE SET; Schema: public; Owner: postgres
--

SELECT pg_catalog.setval('public.django_migrations_id_seq', 23, true);


--
-- Name: jobs_job_id_seq; Type: SEQUENCE SET; Schema: public; Owner: postgres
--

SELECT pg_catalog.setval('public.jobs_job_id_seq', 16, true);


--
-- Name: accounts_user_groups accounts_user_groups_pkey; Type: CONSTRAINT; Schema: public; Owner: postgres
--

ALTER TABLE ONLY public.accounts_user_groups
    ADD CONSTRAINT accounts_user_groups_pkey PRIMARY KEY (id);


--
-- Name: accounts_user_groups accounts_user_groups_user_id_group_id_59c0b32f_uniq; Type: CONSTRAINT; Schema: public; Owner: postgres
--

ALTER TABLE ONLY public.accounts_user_groups
    ADD CONSTRAINT accounts_user_groups_user_id_group_id_59c0b32f_uniq UNIQUE (user_id, group_id);


--
-- Name: accounts_user accounts_user_pkey; Type: CONSTRAINT; Schema: public; Owner: postgres
--

ALTER TABLE ONLY public.accounts_user
    ADD CONSTRAINT accounts_user_pkey PRIMARY KEY (id);


--
-- Name: accounts_user_user_permissions accounts_user_user_permi_user_id_permission_id_2ab516c2_uniq; Type: CONSTRAINT; Schema: public; Owner: postgres
--

ALTER TABLE ONLY public.accounts_user_user_permissions
    ADD CONSTRAINT accounts_user_user_permi_user_id_permission_id_2ab516c2_uniq UNIQUE (user_id, permission_id);


--
-- Name: accounts_user_user_permissions accounts_user_user_permissions_pkey; Type: CONSTRAINT; Schema: public; Owner: postgres
--

ALTER TABLE ONLY public.accounts_user_user_permissions
    ADD CONSTRAINT accounts_user_user_permissions_pkey PRIMARY KEY (id);


--
-- Name: accounts_user accounts_user_username_key; Type: CONSTRAINT; Schema: public; Owner: postgres
--

ALTER TABLE ONLY public.accounts_user
    ADD CONSTRAINT accounts_user_username_key UNIQUE (username);


--
-- Name: applications_application applications_application_developer_id_job_id_6cb840e1_uniq; Type: CONSTRAINT; Schema: public; Owner: postgres
--

ALTER TABLE ONLY public.applications_application
    ADD CONSTRAINT applications_application_developer_id_job_id_6cb840e1_uniq UNIQUE (developer_id, job_id);


--
-- Name: applications_application applications_application_pkey; Type: CONSTRAINT; Schema: public; Owner: postgres
--

ALTER TABLE ONLY public.applications_application
    ADD CONSTRAINT applications_application_pkey PRIMARY KEY (id);


--
-- Name: auth_group auth_group_name_key; Type: CONSTRAINT; Schema: public; Owner: postgres
--

ALTER TABLE ONLY public.auth_group
    ADD CONSTRAINT auth_group_name_key UNIQUE (name);


--
-- Name: auth_group_permissions auth_group_permissions_group_id_permission_id_0cd325b0_uniq; Type: CONSTRAINT; Schema: public; Owner: postgres
--

ALTER TABLE ONLY public.auth_group_permissions
    ADD CONSTRAINT auth_group_permissions_group_id_permission_id_0cd325b0_uniq UNIQUE (group_id, permission_id);


--
-- Name: auth_group_permissions auth_group_permissions_pkey; Type: CONSTRAINT; Schema: public; Owner: postgres
--

ALTER TABLE ONLY public.auth_group_permissions
    ADD CONSTRAINT auth_group_permissions_pkey PRIMARY KEY (id);


--
-- Name: auth_group auth_group_pkey; Type: CONSTRAINT; Schema: public; Owner: postgres
--

ALTER TABLE ONLY public.auth_group
    ADD CONSTRAINT auth_group_pkey PRIMARY KEY (id);


--
-- Name: auth_permission auth_permission_content_type_id_codename_01ab375a_uniq; Type: CONSTRAINT; Schema: public; Owner: postgres
--

ALTER TABLE ONLY public.auth_permission
    ADD CONSTRAINT auth_permission_content_type_id_codename_01ab375a_uniq UNIQUE (content_type_id, codename);


--
-- Name: auth_permission auth_permission_pkey; Type: CONSTRAINT; Schema: public; Owner: postgres
--

ALTER TABLE ONLY public.auth_permission
    ADD CONSTRAINT auth_permission_pkey PRIMARY KEY (id);


--
-- Name: django_admin_log django_admin_log_pkey; Type: CONSTRAINT; Schema: public; Owner: postgres
--

ALTER TABLE ONLY public.django_admin_log
    ADD CONSTRAINT django_admin_log_pkey PRIMARY KEY (id);


--
-- Name: django_content_type django_content_type_app_label_model_76bd3d3b_uniq; Type: CONSTRAINT; Schema: public; Owner: postgres
--

ALTER TABLE ONLY public.django_content_type
    ADD CONSTRAINT django_content_type_app_label_model_76bd3d3b_uniq UNIQUE (app_label, model);


--
-- Name: django_content_type django_content_type_pkey; Type: CONSTRAINT; Schema: public; Owner: postgres
--

ALTER TABLE ONLY public.django_content_type
    ADD CONSTRAINT django_content_type_pkey PRIMARY KEY (id);


--
-- Name: django_migrations django_migrations_pkey; Type: CONSTRAINT; Schema: public; Owner: postgres
--

ALTER TABLE ONLY public.django_migrations
    ADD CONSTRAINT django_migrations_pkey PRIMARY KEY (id);


--
-- Name: django_session django_session_pkey; Type: CONSTRAINT; Schema: public; Owner: postgres
--

ALTER TABLE ONLY public.django_session
    ADD CONSTRAINT django_session_pkey PRIMARY KEY (session_key);


--
-- Name: jobs_job jobs_job_pkey; Type: CONSTRAINT; Schema: public; Owner: postgres
--

ALTER TABLE ONLY public.jobs_job
    ADD CONSTRAINT jobs_job_pkey PRIMARY KEY (id);


--
-- Name: accounts_user_groups_group_id_bd11a704; Type: INDEX; Schema: public; Owner: postgres
--

CREATE INDEX accounts_user_groups_group_id_bd11a704 ON public.accounts_user_groups USING btree (group_id);


--
-- Name: accounts_user_groups_user_id_52b62117; Type: INDEX; Schema: public; Owner: postgres
--

CREATE INDEX accounts_user_groups_user_id_52b62117 ON public.accounts_user_groups USING btree (user_id);


--
-- Name: accounts_user_user_permissions_permission_id_113bb443; Type: INDEX; Schema: public; Owner: postgres
--

CREATE INDEX accounts_user_user_permissions_permission_id_113bb443 ON public.accounts_user_user_permissions USING btree (permission_id);


--
-- Name: accounts_user_user_permissions_user_id_e4f0a161; Type: INDEX; Schema: public; Owner: postgres
--

CREATE INDEX accounts_user_user_permissions_user_id_e4f0a161 ON public.accounts_user_user_permissions USING btree (user_id);


--
-- Name: accounts_user_username_6088629e_like; Type: INDEX; Schema: public; Owner: postgres
--

CREATE INDEX accounts_user_username_6088629e_like ON public.accounts_user USING btree (username varchar_pattern_ops);


--
-- Name: applications_application_developer_id_38cc83eb; Type: INDEX; Schema: public; Owner: postgres
--

CREATE INDEX applications_application_developer_id_38cc83eb ON public.applications_application USING btree (developer_id);


--
-- Name: applications_application_job_id_c031177c; Type: INDEX; Schema: public; Owner: postgres
--

CREATE INDEX applications_application_job_id_c031177c ON public.applications_application USING btree (job_id);


--
-- Name: auth_group_name_a6ea08ec_like; Type: INDEX; Schema: public; Owner: postgres
--

CREATE INDEX auth_group_name_a6ea08ec_like ON public.auth_group USING btree (name varchar_pattern_ops);


--
-- Name: auth_group_permissions_group_id_b120cbf9; Type: INDEX; Schema: public; Owner: postgres
--

CREATE INDEX auth_group_permissions_group_id_b120cbf9 ON public.auth_group_permissions USING btree (group_id);


--
-- Name: auth_group_permissions_permission_id_84c5c92e; Type: INDEX; Schema: public; Owner: postgres
--

CREATE INDEX auth_group_permissions_permission_id_84c5c92e ON public.auth_group_permissions USING btree (permission_id);


--
-- Name: auth_permission_content_type_id_2f476e4b; Type: INDEX; Schema: public; Owner: postgres
--

CREATE INDEX auth_permission_content_type_id_2f476e4b ON public.auth_permission USING btree (content_type_id);


--
-- Name: django_admin_log_content_type_id_c4bce8eb; Type: INDEX; Schema: public; Owner: postgres
--

CREATE INDEX django_admin_log_content_type_id_c4bce8eb ON public.django_admin_log USING btree (content_type_id);


--
-- Name: django_admin_log_user_id_c564eba6; Type: INDEX; Schema: public; Owner: postgres
--

CREATE INDEX django_admin_log_user_id_c564eba6 ON public.django_admin_log USING btree (user_id);


--
-- Name: django_session_expire_date_a5c62663; Type: INDEX; Schema: public; Owner: postgres
--

CREATE INDEX django_session_expire_date_a5c62663 ON public.django_session USING btree (expire_date);


--
-- Name: django_session_session_key_c0390e0f_like; Type: INDEX; Schema: public; Owner: postgres
--

CREATE INDEX django_session_session_key_c0390e0f_like ON public.django_session USING btree (session_key varchar_pattern_ops);


--
-- Name: jobs_job_company_id_1f42ea7c; Type: INDEX; Schema: public; Owner: postgres
--

CREATE INDEX jobs_job_company_id_1f42ea7c ON public.jobs_job USING btree (company_id);


--
-- Name: accounts_user_groups accounts_user_groups_group_id_bd11a704_fk_auth_group_id; Type: FK CONSTRAINT; Schema: public; Owner: postgres
--

ALTER TABLE ONLY public.accounts_user_groups
    ADD CONSTRAINT accounts_user_groups_group_id_bd11a704_fk_auth_group_id FOREIGN KEY (group_id) REFERENCES public.auth_group(id) DEFERRABLE INITIALLY DEFERRED;


--
-- Name: accounts_user_groups accounts_user_groups_user_id_52b62117_fk_accounts_user_id; Type: FK CONSTRAINT; Schema: public; Owner: postgres
--

ALTER TABLE ONLY public.accounts_user_groups
    ADD CONSTRAINT accounts_user_groups_user_id_52b62117_fk_accounts_user_id FOREIGN KEY (user_id) REFERENCES public.accounts_user(id) DEFERRABLE INITIALLY DEFERRED;


--
-- Name: accounts_user_user_permissions accounts_user_user_p_permission_id_113bb443_fk_auth_perm; Type: FK CONSTRAINT; Schema: public; Owner: postgres
--

ALTER TABLE ONLY public.accounts_user_user_permissions
    ADD CONSTRAINT accounts_user_user_p_permission_id_113bb443_fk_auth_perm FOREIGN KEY (permission_id) REFERENCES public.auth_permission(id) DEFERRABLE INITIALLY DEFERRED;


--
-- Name: accounts_user_user_permissions accounts_user_user_p_user_id_e4f0a161_fk_accounts_; Type: FK CONSTRAINT; Schema: public; Owner: postgres
--

ALTER TABLE ONLY public.accounts_user_user_permissions
    ADD CONSTRAINT accounts_user_user_p_user_id_e4f0a161_fk_accounts_ FOREIGN KEY (user_id) REFERENCES public.accounts_user(id) DEFERRABLE INITIALLY DEFERRED;


--
-- Name: applications_application applications_applica_developer_id_38cc83eb_fk_accounts_; Type: FK CONSTRAINT; Schema: public; Owner: postgres
--

ALTER TABLE ONLY public.applications_application
    ADD CONSTRAINT applications_applica_developer_id_38cc83eb_fk_accounts_ FOREIGN KEY (developer_id) REFERENCES public.accounts_user(id) DEFERRABLE INITIALLY DEFERRED;


--
-- Name: applications_application applications_application_job_id_c031177c_fk_jobs_job_id; Type: FK CONSTRAINT; Schema: public; Owner: postgres
--

ALTER TABLE ONLY public.applications_application
    ADD CONSTRAINT applications_application_job_id_c031177c_fk_jobs_job_id FOREIGN KEY (job_id) REFERENCES public.jobs_job(id) DEFERRABLE INITIALLY DEFERRED;


--
-- Name: auth_group_permissions auth_group_permissio_permission_id_84c5c92e_fk_auth_perm; Type: FK CONSTRAINT; Schema: public; Owner: postgres
--

ALTER TABLE ONLY public.auth_group_permissions
    ADD CONSTRAINT auth_group_permissio_permission_id_84c5c92e_fk_auth_perm FOREIGN KEY (permission_id) REFERENCES public.auth_permission(id) DEFERRABLE INITIALLY DEFERRED;


--
-- Name: auth_group_permissions auth_group_permissions_group_id_b120cbf9_fk_auth_group_id; Type: FK CONSTRAINT; Schema: public; Owner: postgres
--

ALTER TABLE ONLY public.auth_group_permissions
    ADD CONSTRAINT auth_group_permissions_group_id_b120cbf9_fk_auth_group_id FOREIGN KEY (group_id) REFERENCES public.auth_group(id) DEFERRABLE INITIALLY DEFERRED;


--
-- Name: auth_permission auth_permission_content_type_id_2f476e4b_fk_django_co; Type: FK CONSTRAINT; Schema: public; Owner: postgres
--

ALTER TABLE ONLY public.auth_permission
    ADD CONSTRAINT auth_permission_content_type_id_2f476e4b_fk_django_co FOREIGN KEY (content_type_id) REFERENCES public.django_content_type(id) DEFERRABLE INITIALLY DEFERRED;


--
-- Name: django_admin_log django_admin_log_content_type_id_c4bce8eb_fk_django_co; Type: FK CONSTRAINT; Schema: public; Owner: postgres
--

ALTER TABLE ONLY public.django_admin_log
    ADD CONSTRAINT django_admin_log_content_type_id_c4bce8eb_fk_django_co FOREIGN KEY (content_type_id) REFERENCES public.django_content_type(id) DEFERRABLE INITIALLY DEFERRED;


--
-- Name: django_admin_log django_admin_log_user_id_c564eba6_fk_accounts_user_id; Type: FK CONSTRAINT; Schema: public; Owner: postgres
--

ALTER TABLE ONLY public.django_admin_log
    ADD CONSTRAINT django_admin_log_user_id_c564eba6_fk_accounts_user_id FOREIGN KEY (user_id) REFERENCES public.accounts_user(id) DEFERRABLE INITIALLY DEFERRED;


--
-- Name: jobs_job jobs_job_company_id_1f42ea7c_fk_accounts_user_id; Type: FK CONSTRAINT; Schema: public; Owner: postgres
--

ALTER TABLE ONLY public.jobs_job
    ADD CONSTRAINT jobs_job_company_id_1f42ea7c_fk_accounts_user_id FOREIGN KEY (company_id) REFERENCES public.accounts_user(id) DEFERRABLE INITIALLY DEFERRED;


--
-- PostgreSQL database dump complete
--

\unrestrict fculEv6Dn47GcbumSASyuMlP4DMnpcVFkMosyAzFMhWmHnpGtLTV2ilCCFwyzH6

